,pred_False,pred_True,class_accuracy
true_False,31994.0,16067.0,0.6656956784086889
true_True,12781.0,36926.0,0.7428732371698151
